{"cameraMode":{"drawMode":0,"name":"Shaded","section":"Shading Mode"},"sceneLighting":true,"audioPlay":false,"sceneViewState":{"showFog":false,"showMaterialUpdate":false,"showSkybox":false,"showFlares":true,"showImageEffects":true,"showParticleSystems":true},"in2DMode":false,"pivot":{"x":0.008000016212463379,"y":-1.3799999952316285,"z":-3.299999952316284},"rotation":{"x":0.01766253262758255,"y":-0.06264915317296982,"z":0.0011088525643572212,"w":0.9978787899017334},"size":17.109542846679689,"orthographic":true}